TransactionID,Date,Category,Subcategory,Type,Amount,Budget,Description,Month,Year
TXN0002,2024-01-01,Rent,Rent,fixed,-1200.0,-1200.0,Monthly rent,1,2024
TXN0003,2024-01-01,Savings,Savings Transfer,fixed,-500.0,-500.0,Monthly savings,1,2024
TXN0005,2024-01-01,Utilities,Water,variable,-194.16,-60.0,Water purchase,1,2024
TXN0007,2024-01-02,Utilities,Water,variable,-122.98,-60.0,Water purchase,1,2024
TXN0012,2024-01-03,Groceries,Online Grocery,variable,-59.0,-53.33,Online Grocery purchase,1,2024
TXN0017,2024-01-03,Transport,Fuel,variable,-53.49,-30.0,Train purchase,1,2024
TXN0004,2024-01-05,Investments,Stocks ISA,fixed,-300.0,-300.0,Monthly investment contribution,1,2024
TXN0006,2024-01-05,Utilities,Electricity,variable,-193.65,-60.0,Gas purchase,1,2024
TXN0032,2024-01-05,Shopping,Amazon,variable,-82.74,-66.67,Electronics purchase,1,2024
TXN0009,2024-01-08,Groceries,Online Grocery,variable,-62.46,-53.33,Supermarket purchase,1,2024
TXN0022,2024-01-08,Dining Out,Coffee Shop,variable,-19.03,-33.33,Coffee Shop purchase,1,2024
TXN0011,2024-01-09,Groceries,Online Grocery,variable,-47.77,-53.33,Supermarket purchase,1,2024
TXN0018,2024-01-09,Transport,Uber,variable,-35.4,-30.0,Bus Pass purchase,1,2024
TXN0026,2024-01-09,Entertainment,Concert,variable,-12.32,-33.33,Cinema purchase,1,2024
TXN0028,2024-01-09,Health,Doctor Visit,variable,-21.28,-40.0,Doctor Visit purchase,1,2024
TXN0024,2024-01-11,Dining Out,Restaurant,variable,-48.24,-33.33,Restaurant purchase,1,2024
TXN0019,2024-01-12,Dining Out,Takeaway,variable,-27.28,-33.33,Coffee Shop purchase,1,2024
TXN0008,2024-01-17,Groceries,Supermarket,variable,-70.1,-53.33,Online Grocery purchase,1,2024
TXN0031,2024-01-17,Shopping,Clothes,variable,-69.35,-66.67,Clothes purchase,1,2024
TXN0014,2024-01-18,Transport,Train,variable,-20.62,-30.0,Fuel purchase,1,2024
TXN0015,2024-01-18,Transport,Uber,variable,-28.19,-30.0,Bus Pass purchase,1,2024
TXN0029,2024-01-18,Health,Doctor Visit,variable,-26.82,-40.0,Pharmacy purchase,1,2024
TXN0030,2024-01-19,Shopping,Clothes,variable,-59.94,-66.67,Clothes purchase,1,2024
TXN0013,2024-01-20,Groceries,Supermarket,variable,-53.23,-53.33,Online Grocery purchase,1,2024
TXN0021,2024-01-20,Dining Out,Takeaway,variable,-39.3,-33.33,Takeaway purchase,1,2024
TXN0023,2024-01-21,Dining Out,Restaurant,variable,-41.59,-33.33,Takeaway purchase,1,2024
TXN0027,2024-01-21,Entertainment,Gaming,variable,-27.47,-33.33,Cinema purchase,1,2024
TXN0016,2024-01-23,Transport,Bus Pass,variable,-18.13,-30.0,Uber purchase,1,2024
TXN0020,2024-01-23,Dining Out,Takeaway,variable,-52.28,-33.33,Restaurant purchase,1,2024
TXN0010,2024-01-25,Groceries,Online Grocery,variable,-80.29,-53.33,Online Grocery purchase,1,2024
TXN0025,2024-01-27,Entertainment,Concert,variable,-11.12,-33.33,Gaming purchase,1,2024
TXN0001,2024-01-28,Income,Salary,income,3800.0,3800.0,Monthly salary,1,2024
TXN0035,2024-02-01,Rent,Rent,fixed,-1200.0,-1200.0,Monthly rent,2,2024
TXN0036,2024-02-01,Savings,Savings Transfer,fixed,-500.0,-500.0,Monthly savings,2,2024
TXN0041,2024-02-01,Groceries,Online Grocery,variable,-87.69,-53.33,Supermarket purchase,2,2024
TXN0046,2024-02-02,Groceries,Supermarket,variable,-52.04,-53.33,Supermarket purchase,2,2024
TXN0056,2024-02-02,Dining Out,Restaurant,variable,-48.96,-33.33,Takeaway purchase,2,2024
TXN0063,2024-02-02,Shopping,Electronics,variable,-60.26,-66.67,Clothes purchase,2,2024
TXN0053,2024-02-03,Dining Out,Takeaway,variable,-26.54,-33.33,Takeaway purchase,2,2024
TXN0040,2024-02-04,Utilities,Water,variable,-149.35,-60.0,Gas purchase,2,2024
TXN0060,2024-02-04,Entertainment,Gaming,variable,-13.39,-33.33,Concert purchase,2,2024
TXN0037,2024-02-05,Investments,ETF,fixed,-300.0,-300.0,Monthly investment contribution,2,2024
TXN0043,2024-02-05,Groceries,Supermarket,variable,-58.7,-53.33,Supermarket purchase,2,2024
TXN0048,2024-02-05,Transport,Bus Pass,variable,-44.69,-30.0,Uber purchase,2,2024
TXN0065,2024-02-05,Shopping,Electronics,variable,-62.19,-66.67,Electronics purchase,2,2024
TXN0054,2024-02-08,Dining Out,Restaurant,variable,-37.3,-33.33,Restaurant purchase,2,2024
TXN0057,2024-02-08,Dining Out,Coffee Shop,variable,-23.97,-33.33,Restaurant purchase,2,2024
TXN0064,2024-02-08,Shopping,Amazon,variable,-39.16,-66.67,Electronics purchase,2,2024
TXN0045,2024-02-12,Groceries,Online Grocery,variable,-83.94,-53.33,Supermarket purchase,2,2024
TXN0051,2024-02-13,Transport,Uber,variable,-59.78,-30.0,Train purchase,2,2024
TXN0061,2024-02-14,Health,Doctor Visit,variable,-33.5,-40.0,Gym purchase,2,2024
TXN0042,2024-02-17,Groceries,Online Grocery,variable,-85.63,-53.33,Supermarket purchase,2,2024
TXN0049,2024-02-17,Transport,Train,variable,-54.26,-30.0,Bus Pass purchase,2,2024
TXN0052,2024-02-17,Dining Out,Restaurant,variable,-31.41,-33.33,Restaurant purchase,2,2024
TXN0050,2024-02-18,Transport,Bus Pass,variable,-48.99,-30.0,Uber purchase,2,2024
TXN0058,2024-02-18,Entertainment,Gaming,variable,-14.63,-33.33,Cinema purchase,2,2024
TXN0034,2024-02-19,Income,Freelance,income,331.76,0.0,Freelance project payment,2,2024
TXN0038,2024-02-20,Utilities,Internet,variable,-219.61,-60.0,Electricity purchase,2,2024
TXN0044,2024-02-20,Groceries,Supermarket,variable,-56.21,-53.33,Supermarket purchase,2,2024
TXN0039,2024-02-22,Utilities,Internet,variable,-192.07,-60.0,Internet purchase,2,2024
TXN0062,2024-02-22,Health,Doctor Visit,variable,-44.41,-40.0,Gym purchase,2,2024
TXN0055,2024-02-23,Dining Out,Restaurant,variable,-39.14,-33.33,Restaurant purchase,2,2024
TXN0047,2024-02-24,Transport,Fuel,variable,-36.87,-30.0,Bus Pass purchase,2,2024
TXN0059,2024-02-26,Entertainment,Gaming,variable,-26.55,-33.33,Cinema purchase,2,2024
TXN0033,2024-02-28,Income,Salary,income,3800.0,3800.0,Monthly salary,2,2024
TXN0068,2024-03-01,Rent,Rent,fixed,-1200.0,-1200.0,Monthly rent,3,2024
TXN0069,2024-03-01,Savings,Savings Transfer,fixed,-500.0,-500.0,Monthly savings,3,2024
TXN0072,2024-03-02,Utilities,Electricity,variable,-185.21,-60.0,Electricity purchase,3,2024
TXN0089,2024-03-03,Dining Out,Takeaway,variable,-35.12,-33.33,Coffee Shop purchase,3,2024
TXN0083,2024-03-04,Transport,Bus Pass,variable,-57.37,-30.0,Fuel purchase,3,2024
TXN0094,2024-03-04,Health,Doctor Visit,variable,-55.04,-40.0,Doctor Visit purchase,3,2024
TXN0070,2024-03-05,Investments,Stocks ISA,fixed,-300.0,-300.0,Monthly investment contribution,3,2024
TXN0090,2024-03-05,Dining Out,Restaurant,variable,-52.13,-33.33,Restaurant purchase,3,2024
TXN0095,2024-03-05,Health,Doctor Visit,variable,-27.26,-40.0,Gym purchase,3,2024
TXN0075,2024-03-06,Groceries,Online Grocery,variable,-58.95,-53.33,Online Grocery purchase,3,2024
TXN0078,2024-03-07,Groceries,Supermarket,variable,-54.84,-53.33,Supermarket purchase,3,2024
TXN0085,2024-03-07,Dining Out,Coffee Shop,variable,-40.8,-33.33,Restaurant purchase,3,2024
TXN0086,2024-03-09,Dining Out,Takeaway,variable,-29.02,-33.33,Takeaway purchase,3,2024
TXN0087,2024-03-10,Dining Out,Restaurant,variable,-31.66,-33.33,Restaurant purchase,3,2024
TXN0091,2024-03-12,Entertainment,Gaming,variable,-19.97,-33.33,Concert purchase,3,2024
TXN0067,2024-03-15,Income,Bonus,income,1200.0,0.0,Quarterly bonus,3,2024
TXN0088,2024-03-15,Dining Out,Takeaway,variable,-38.71,-33.33,Restaurant purchase,3,2024
TXN0074,2024-03-16,Groceries,Online Grocery,variable,-64.07,-53.33,Supermarket purchase,3,2024
TXN0080,2024-03-17,Transport,Bus Pass,variable,-56.37,-30.0,Fuel purchase,3,2024
TXN0081,2024-03-17,Transport,Bus Pass,variable,-18.61,-30.0,Fuel purchase,3,2024
TXN0082,2024-03-20,Transport,Bus Pass,variable,-18.06,-30.0,Train purchase,3,2024
TXN0084,2024-03-20,Transport,Uber,variable,-18.69,-30.0,Uber purchase,3,2024
TXN0092,2024-03-20,Entertainment,Netflix,variable,-44.43,-33.33,Concert purchase,3,2024
TXN0093,2024-03-22,Entertainment,Cinema,variable,-13.63,-33.33,Concert purchase,3,2024
TXN0077,2024-03-23,Groceries,Online Grocery,variable,-87.87,-53.33,Supermarket purchase,3,2024
TXN0096,2024-03-23,Shopping,Amazon,variable,-54.29,-66.67,Amazon purchase,3,2024
TXN0079,2024-03-24,Groceries,Supermarket,variable,-55.68,-53.33,Online Grocery purchase,3,2024
TXN0073,2024-03-25,Utilities,Water,variable,-204.87,-60.0,Gas purchase,3,2024
TXN0076,2024-03-26,Groceries,Online Grocery,variable,-79.26,-53.33,Online Grocery purchase,3,2024
TXN0066,2024-03-28,Income,Salary,income,3800.0,3800.0,Monthly salary,3,2024
TXN0071,2024-03-28,Utilities,Gas,variable,-212.33,-60.0,Electricity purchase,3,2024
TXN0097,2024-03-28,Shopping,Electronics,variable,-46.4,-66.67,Electronics purchase,3,2024
TXN0098,2024-03-28,Shopping,Amazon,variable,-25.08,-66.67,Electronics purchase,3,2024
TXN0101,2024-04-01,Rent,Rent,fixed,-1200.0,-1200.0,Monthly rent,4,2024
TXN0102,2024-04-01,Savings,Savings Transfer,fixed,-500.0,-500.0,Monthly savings,4,2024
TXN0112,2024-04-01,Groceries,Online Grocery,variable,-48.97,-53.33,Online Grocery purchase,4,2024
TXN0118,2024-04-01,Dining Out,Coffee Shop,variable,-40.38,-33.33,Coffee Shop purchase,4,2024
TXN0126,2024-04-01,Entertainment,Cinema,variable,-28.2,-33.33,Concert purchase,4,2024
TXN0106,2024-04-04,Utilities,Water,variable,-127.52,-60.0,Electricity purchase,4,2024
TXN0123,2024-04-04,Dining Out,Coffee Shop,variable,-37.65,-33.33,Takeaway purchase,4,2024
TXN0103,2024-04-05,Investments,ETF,fixed,-300.0,-300.0,Monthly investment contribution,4,2024
TXN0108,2024-04-05,Groceries,Online Grocery,variable,-42.09,-53.33,Supermarket purchase,4,2024
TXN0131,2024-04-05,Shopping,Amazon,variable,-39.18,-66.67,Electronics purchase,4,2024
TXN0114,2024-04-06,Transport,Fuel,variable,-50.43,-30.0,Train purchase,4,2024
TXN0122,2024-04-06,Dining Out,Coffee Shop,variable,-36.97,-33.33,Restaurant purchase,4,2024
TXN0116,2024-04-07,Transport,Train,variable,-51.75,-30.0,Uber purchase,4,2024
TXN0111,2024-04-08,Groceries,Supermarket,variable,-83.23,-53.33,Online Grocery purchase,4,2024
TXN0119,2024-04-09,Dining Out,Coffee Shop,variable,-49.17,-33.33,Coffee Shop purchase,4,2024
TXN0117,2024-04-10,Transport,Bus Pass,variable,-51.92,-30.0,Bus Pass purchase,4,2024
TXN0129,2024-04-10,Shopping,Amazon,variable,-70.71,-66.67,Electronics purchase,4,2024
TXN0121,2024-04-11,Dining Out,Restaurant,variable,-52.39,-33.33,Coffee Shop purchase,4,2024
TXN0130,2024-04-11,Shopping,Electronics,variable,-60.24,-66.67,Amazon purchase,4,2024
TXN0109,2024-04-12,Groceries,Supermarket,variable,-50.5,-53.33,Supermarket purchase,4,2024
TXN0110,2024-04-12,Groceries,Online Grocery,variable,-79.01,-53.33,Supermarket purchase,4,2024
TXN0100,2024-04-14,Income,Freelance,income,322.04,0.0,Freelance project payment,4,2024
TXN0127,2024-04-14,Health,Doctor Visit,variable,-18.15,-40.0,Pharmacy purchase,4,2024
TXN0125,2024-04-19,Entertainment,Netflix,variable,-16.65,-33.33,Gaming purchase,4,2024
TXN0128,2024-04-20,Health,Gym,variable,-29.13,-40.0,Doctor Visit purchase,4,2024
TXN0120,2024-04-21,Dining Out,Takeaway,variable,-33.9,-33.33,Takeaway purchase,4,2024
TXN0105,2024-04-24,Utilities,Gas,variable,-164.18,-60.0,Electricity purchase,4,2024
TXN0104,2024-04-25,Utilities,Internet,variable,-133.08,-60.0,Water purchase,4,2024
TXN0113,2024-04-26,Transport,Bus Pass,variable,-45.15,-30.0,Uber purchase,4,2024
TXN0124,2024-04-26,Entertainment,Netflix,variable,-20.98,-33.33,Gaming purchase,4,2024
TXN0107,2024-04-27,Groceries,Supermarket,variable,-58.46,-53.33,Online Grocery purchase,4,2024
TXN0099,2024-04-28,Income,Salary,income,3800.0,3800.0,Monthly salary,4,2024
TXN0115,2024-04-28,Transport,Train,variable,-16.74,-30.0,Bus Pass purchase,4,2024
TXN0133,2024-05-01,Rent,Rent,fixed,-1200.0,-1200.0,Monthly rent,5,2024
TXN0134,2024-05-01,Savings,Savings Transfer,fixed,-500.0,-500.0,Monthly savings,5,2024
TXN0143,2024-05-02,Groceries,Online Grocery,variable,-52.24,-53.33,Supermarket purchase,5,2024
TXN0135,2024-05-05,Investments,Stocks ISA,fixed,-300.0,-300.0,Monthly investment contribution,5,2024
TXN0149,2024-05-05,Transport,Uber,variable,-51.06,-30.0,Train purchase,5,2024
TXN0142,2024-05-08,Groceries,Supermarket,variable,-80.33,-53.33,Supermarket purchase,5,2024
TXN0147,2024-05-08,Transport,Train,variable,-22.91,-30.0,Fuel purchase,5,2024
TXN0155,2024-05-08,Dining Out,Restaurant,variable,-23.81,-33.33,Takeaway purchase,5,2024
TXN0137,2024-05-10,Utilities,Gas,variable,-148.69,-60.0,Internet purchase,5,2024
TXN0140,2024-05-10,Groceries,Online Grocery,variable,-65.77,-53.33,Supermarket purchase,5,2024
TXN0156,2024-05-10,Entertainment,Concert,variable,-18.21,-33.33,Concert purchase,5,2024
TXN0158,2024-05-13,Entertainment,Cinema,variable,-34.29,-33.33,Netflix purchase,5,2024
TXN0159,2024-05-14,Health,Doctor Visit,variable,-33.34,-40.0,Pharmacy purchase,5,2024
TXN0160,2024-05-14,Health,Pharmacy,variable,-17.8,-40.0,Pharmacy purchase,5,2024
TXN0138,2024-05-15,Utilities,Water,variable,-164.18,-60.0,Gas purchase,5,2024
TXN0144,2024-05-15,Groceries,Supermarket,variable,-60.72,-53.33,Online Grocery purchase,5,2024
TXN0145,2024-05-16,Transport,Bus Pass,variable,-32.98,-30.0,Fuel purchase,5,2024
TXN0163,2024-05-16,Shopping,Electronics,variable,-20.59,-66.67,Electronics purchase,5,2024
TXN0148,2024-05-18,Transport,Fuel,variable,-26.21,-30.0,Train purchase,5,2024
TXN0157,2024-05-18,Entertainment,Cinema,variable,-12.82,-33.33,Cinema purchase,5,2024
TXN0136,2024-05-20,Utilities,Gas,variable,-176.91,-60.0,Electricity purchase,5,2024
TXN0150,2024-05-20,Dining Out,Takeaway,variable,-47.05,-33.33,Coffee Shop purchase,5,2024
TXN0152,2024-05-24,Dining Out,Coffee Shop,variable,-49.04,-33.33,Coffee Shop purchase,5,2024
TXN0146,2024-05-25,Transport,Fuel,variable,-53.72,-30.0,Train purchase,5,2024
TXN0153,2024-05-25,Dining Out,Takeaway,variable,-22.63,-33.33,Coffee Shop purchase,5,2024
TXN0154,2024-05-25,Dining Out,Coffee Shop,variable,-45.44,-33.33,Takeaway purchase,5,2024
TXN0161,2024-05-25,Shopping,Amazon,variable,-78.41,-66.67,Clothes purchase,5,2024
TXN0139,2024-05-26,Groceries,Supermarket,variable,-85.06,-53.33,Supermarket purchase,5,2024
TXN0141,2024-05-27,Groceries,Supermarket,variable,-87.6,-53.33,Online Grocery purchase,5,2024
TXN0151,2024-05-27,Dining Out,Coffee Shop,variable,-50.99,-33.33,Restaurant purchase,5,2024
TXN0132,2024-05-28,Income,Salary,income,3800.0,3800.0,Monthly salary,5,2024
TXN0162,2024-05-28,Shopping,Amazon,variable,-108.07,-66.67,Electronics purchase,5,2024
TXN0166,2024-06-01,Rent,Rent,fixed,-1200.0,-1200.0,Monthly rent,6,2024
TXN0167,2024-06-01,Savings,Savings Transfer,fixed,-500.0,-500.0,Monthly savings,6,2024
TXN0175,2024-06-02,Groceries,Online Grocery,variable,-53.01,-53.33,Supermarket purchase,6,2024
TXN0185,2024-06-04,Dining Out,Restaurant,variable,-45.45,-33.33,Coffee Shop purchase,6,2024
TXN0186,2024-06-04,Dining Out,Coffee Shop,variable,-36.88,-33.33,Takeaway purchase,6,2024
TXN0168,2024-06-05,Investments,ETF,fixed,-300.0,-300.0,Monthly investment contribution,6,2024
TXN0182,2024-06-05,Transport,Fuel,variable,-36.31,-30.0,Bus Pass purchase,6,2024
TXN0195,2024-06-05,Shopping,Amazon,variable,-63.55,-66.67,Amazon purchase,6,2024
TXN0170,2024-06-08,Utilities,Gas,variable,-147.29,-60.0,Electricity purchase,6,2024
TXN0179,2024-06-12,Transport,Fuel,variable,-25.09,-30.0,Fuel purchase,6,2024
TXN0191,2024-06-12,Entertainment,Concert,variable,-28.65,-33.33,Netflix purchase,6,2024
TXN0171,2024-06-13,Utilities,Gas,variable,-153.61,-60.0,Water purchase,6,2024
TXN0173,2024-06-13,Groceries,Supermarket,variable,-69.59,-53.33,Supermarket purchase,6,2024
TXN0176,2024-06-15,Groceries,Online Grocery,variable,-56.34,-53.33,Online Grocery purchase,6,2024
TXN0183,2024-06-15,Dining Out,Coffee Shop,variable,-42.08,-33.33,Restaurant purchase,6,2024
TXN0165,2024-06-16,Income,Freelance,income,726.72,0.0,Freelance project payment,6,2024
TXN0192,2024-06-17,Health,Gym,variable,-44.14,-40.0,Pharmacy purchase,6,2024
TXN0169,2024-06-18,Utilities,Water,variable,-194.75,-60.0,Gas purchase,6,2024
TXN0184,2024-06-20,Dining Out,Takeaway,variable,-38.11,-33.33,Takeaway purchase,6,2024
TXN0174,2024-06-21,Groceries,Online Grocery,variable,-61.43,-53.33,Supermarket purchase,6,2024
TXN0194,2024-06-21,Shopping,Electronics,variable,-109.16,-66.67,Amazon purchase,6,2024
TXN0196,2024-06-21,Shopping,Amazon,variable,-47.01,-66.67,Electronics purchase,6,2024
TXN0187,2024-06-22,Dining Out,Coffee Shop,variable,-51.05,-33.33,Coffee Shop purchase,6,2024
TXN0188,2024-06-23,Dining Out,Takeaway,variable,-20.53,-33.33,Takeaway purchase,6,2024
TXN0177,2024-06-25,Groceries,Online Grocery,variable,-87.56,-53.33,Online Grocery purchase,6,2024
TXN0180,2024-06-25,Transport,Bus Pass,variable,-16.4,-30.0,Bus Pass purchase,6,2024
TXN0172,2024-06-27,Groceries,Supermarket,variable,-63.37,-53.33,Supermarket purchase,6,2024
TXN0178,2024-06-27,Transport,Fuel,variable,-18.69,-30.0,Fuel purchase,6,2024
TXN0181,2024-06-27,Transport,Bus Pass,variable,-15.92,-30.0,Bus Pass purchase,6,2024
TXN0189,2024-06-27,Entertainment,Netflix,variable,-31.95,-33.33,Concert purchase,6,2024
TXN0193,2024-06-27,Health,Pharmacy,variable,-37.06,-40.0,Pharmacy purchase,6,2024
TXN0164,2024-06-28,Income,Salary,income,3800.0,3800.0,Monthly salary,6,2024
TXN0190,2024-06-28,Entertainment,Netflix,variable,-33.95,-33.33,Netflix purchase,6,2024
TXN0198,2024-07-01,Rent,Rent,fixed,-1200.0,-1200.0,Monthly rent,7,2024
TXN0199,2024-07-01,Savings,Savings Transfer,fixed,-500.0,-500.0,Monthly savings,7,2024
TXN0221,2024-07-02,Entertainment,Cinema,variable,-29.37,-33.33,Gaming purchase,7,2024
TXN0210,2024-07-03,Transport,Train,variable,-28.24,-30.0,Bus Pass purchase,7,2024
TXN0215,2024-07-04,Dining Out,Takeaway,variable,-43.94,-33.33,Restaurant purchase,7,2024
TXN0222,2024-07-04,Entertainment,Concert,variable,-40.55,-33.33,Gaming purchase,7,2024
TXN0200,2024-07-05,Investments,ETF,fixed,-300.0,-300.0,Monthly investment contribution,7,2024
TXN0227,2024-07-05,Shopping,Electronics,variable,-101.11,-66.67,Clothes purchase,7,2024
TXN0216,2024-07-07,Dining Out,Coffee Shop,variable,-21.3,-33.33,Coffee Shop purchase,7,2024
TXN0219,2024-07-08,Dining Out,Coffee Shop,variable,-27.52,-33.33,Restaurant purchase,7,2024
TXN0228,2024-07-08,Shopping,Electronics,variable,-31.85,-66.67,Amazon purchase,7,2024
TXN0206,2024-07-09,Groceries,Online Grocery,variable,-84.02,-53.33,Supermarket purchase,7,2024
TXN0214,2024-07-09,Transport,Bus Pass,variable,-25.37,-30.0,Uber purchase,7,2024
TXN0224,2024-07-09,Health,Pharmacy,variable,-57.35,-40.0,Gym purchase,7,2024
TXN0211,2024-07-10,Transport,Uber,variable,-44.88,-30.0,Train purchase,7,2024
TXN0218,2024-07-10,Dining Out,Restaurant,variable,-54.16,-33.33,Coffee Shop purchase,7,2024
TXN0204,2024-07-11,Groceries,Online Grocery,variable,-41.43,-53.33,Supermarket purchase,7,2024
TXN0213,2024-07-12,Transport,Uber,variable,-46.63,-30.0,Uber purchase,7,2024
TXN0201,2024-07-14,Utilities,Internet,variable,-202.57,-60.0,Internet purchase,7,2024
TXN0203,2024-07-15,Utilities,Gas,variable,-144.39,-60.0,Gas purchase,7,2024
TXN0205,2024-07-16,Groceries,Online Grocery,variable,-50.61,-53.33,Online Grocery purchase,7,2024
TXN0223,2024-07-16,Entertainment,Cinema,variable,-25.42,-33.33,Netflix purchase,7,2024
TXN0207,2024-07-17,Groceries,Supermarket,variable,-87.4,-53.33,Supermarket purchase,7,2024
TXN0212,2024-07-18,Transport,Train,variable,-38.89,-30.0,Uber purchase,7,2024
TXN0226,2024-07-19,Shopping,Clothes,variable,-82.94,-66.67,Clothes purchase,7,2024
TXN0209,2024-07-21,Groceries,Online Grocery,variable,-75.59,-53.33,Supermarket purchase,7,2024
TXN0220,2024-07-23,Dining Out,Coffee Shop,variable,-34.97,-33.33,Restaurant purchase,7,2024
TXN0208,2024-07-24,Groceries,Supermarket,variable,-60.32,-53.33,Online Grocery purchase,7,2024
TXN0217,2024-07-24,Dining Out,Takeaway,variable,-37.35,-33.33,Takeaway purchase,7,2024
TXN0225,2024-07-27,Health,Pharmacy,variable,-17.94,-40.0,Gym purchase,7,2024
TXN0197,2024-07-28,Income,Salary,income,3800.0,3800.0,Monthly salary,7,2024
TXN0202,2024-07-28,Utilities,Electricity,variable,-144.55,-60.0,Internet purchase,7,2024
TXN0231,2024-08-01,Rent,Rent,fixed,-1200.0,-1200.0,Monthly rent,8,2024
TXN0232,2024-08-01,Savings,Savings Transfer,fixed,-500.0,-500.0,Monthly savings,8,2024
TXN0239,2024-08-01,Groceries,Online Grocery,variable,-60.43,-53.33,Online Grocery purchase,8,2024
TXN0250,2024-08-01,Dining Out,Takeaway,variable,-54.98,-33.33,Coffee Shop purchase,8,2024
TXN0240,2024-08-02,Groceries,Online Grocery,variable,-51.57,-53.33,Online Grocery purchase,8,2024
TXN0261,2024-08-02,Shopping,Electronics,variable,-38.76,-66.67,Amazon purchase,8,2024
TXN0241,2024-08-03,Groceries,Online Grocery,variable,-74.37,-53.33,Supermarket purchase,8,2024
TXN0247,2024-08-03,Transport,Train,variable,-41.91,-30.0,Uber purchase,8,2024
TXN0258,2024-08-03,Health,Pharmacy,variable,-29.15,-40.0,Gym purchase,8,2024
TXN0245,2024-08-04,Transport,Uber,variable,-36.09,-30.0,Train purchase,8,2024
TXN0233,2024-08-05,Investments,Stocks ISA,fixed,-300.0,-300.0,Monthly investment contribution,8,2024
TXN0244,2024-08-06,Transport,Uber,variable,-50.67,-30.0,Train purchase,8,2024
TXN0238,2024-08-08,Groceries,Supermarket,variable,-48.69,-53.33,Supermarket purchase,8,2024
TXN0243,2024-08-09,Transport,Fuel,variable,-52.2,-30.0,Fuel purchase,8,2024
TXN0246,2024-08-09,Transport,Train,variable,-37.52,-30.0,Train purchase,8,2024
TXN0235,2024-08-10,Utilities,Gas,variable,-206.02,-60.0,Internet purchase,8,2024
TXN0242,2024-08-14,Groceries,Supermarket,variable,-45.74,-53.33,Supermarket purchase,8,2024
TXN0256,2024-08-14,Entertainment,Concert,variable,-34.28,-33.33,Gaming purchase,8,2024
TXN0254,2024-08-16,Entertainment,Concert,variable,-22.18,-33.33,Concert purchase,8,2024
TXN0252,2024-08-17,Dining Out,Coffee Shop,variable,-40.01,-33.33,Restaurant purchase,8,2024
TXN0230,2024-08-19,Income,Freelance,income,695.37,0.0,Freelance project payment,8,2024
TXN0236,2024-08-19,Utilities,Electricity,variable,-182.1,-60.0,Water purchase,8,2024
TXN0251,2024-08-19,Dining Out,Restaurant,variable,-13.73,-33.33,Coffee Shop purchase,8,2024
TXN0253,2024-08-19,Dining Out,Coffee Shop,variable,-30.74,-33.33,Restaurant purchase,8,2024
TXN0248,2024-08-20,Dining Out,Restaurant,variable,-22.77,-33.33,Restaurant purchase,8,2024
TXN0237,2024-08-21,Groceries,Supermarket,variable,-50.55,-53.33,Supermarket purchase,8,2024
TXN0249,2024-08-22,Dining Out,Takeaway,variable,-47.95,-33.33,Takeaway purchase,8,2024
TXN0255,2024-08-22,Entertainment,Cinema,variable,-13.66,-33.33,Concert purchase,8,2024
TXN0260,2024-08-22,Shopping,Electronics,variable,-106.94,-66.67,Electronics purchase,8,2024
TXN0234,2024-08-25,Utilities,Gas,variable,-172.26,-60.0,Gas purchase,8,2024
TXN0259,2024-08-25,Shopping,Amazon,variable,-60.42,-66.67,Clothes purchase,8,2024
TXN0257,2024-08-27,Health,Gym,variable,-49.22,-40.0,Pharmacy purchase,8,2024
TXN0229,2024-08-28,Income,Salary,income,3800.0,3800.0,Monthly salary,8,2024
TXN0264,2024-09-01,Rent,Rent,fixed,-1200.0,-1200.0,Monthly rent,9,2024
TXN0265,2024-09-01,Savings,Savings Transfer,fixed,-500.0,-500.0,Monthly savings,9,2024
TXN0271,2024-09-03,Groceries,Supermarket,variable,-51.24,-53.33,Online Grocery purchase,9,2024
TXN0272,2024-09-04,Groceries,Supermarket,variable,-72.39,-53.33,Online Grocery purchase,9,2024
TXN0288,2024-09-04,Entertainment,Gaming,variable,-28.41,-33.33,Netflix purchase,9,2024
TXN0266,2024-09-05,Investments,ETF,fixed,-300.0,-300.0,Monthly investment contribution,9,2024
TXN0268,2024-09-09,Utilities,Internet,variable,-174.92,-60.0,Gas purchase,9,2024
TXN0277,2024-09-09,Transport,Train,variable,-49.77,-30.0,Uber purchase,9,2024
TXN0282,2024-09-11,Dining Out,Takeaway,variable,-49.39,-33.33,Restaurant purchase,9,2024
TXN0284,2024-09-11,Dining Out,Takeaway,variable,-44.02,-33.33,Coffee Shop purchase,9,2024
TXN0285,2024-09-13,Dining Out,Takeaway,variable,-54.5,-33.33,Restaurant purchase,9,2024
TXN0293,2024-09-13,Shopping,Amazon,variable,-115.41,-66.67,Amazon purchase,9,2024
TXN0263,2024-09-15,Income,Bonus,income,1200.0,0.0,Quarterly bonus,9,2024
TXN0275,2024-09-15,Groceries,Online Grocery,variable,-67.56,-53.33,Supermarket purchase,9,2024
TXN0280,2024-09-15,Transport,Uber,variable,-39.24,-30.0,Uber purchase,9,2024
TXN0286,2024-09-16,Dining Out,Restaurant,variable,-53.49,-33.33,Takeaway purchase,9,2024
TXN0290,2024-09-16,Health,Pharmacy,variable,-50.17,-40.0,Pharmacy purchase,9,2024
TXN0281,2024-09-18,Dining Out,Coffee Shop,variable,-44.8,-33.33,Coffee Shop purchase,9,2024
TXN0283,2024-09-19,Dining Out,Coffee Shop,variable,-28.47,-33.33,Restaurant purchase,9,2024
TXN0287,2024-09-19,Entertainment,Netflix,variable,-21.62,-33.33,Gaming purchase,9,2024
TXN0276,2024-09-20,Transport,Bus Pass,variable,-37.87,-30.0,Fuel purchase,9,2024
TXN0291,2024-09-20,Health,Doctor Visit,variable,-46.17,-40.0,Gym purchase,9,2024
TXN0267,2024-09-21,Utilities,Electricity,variable,-164.2,-60.0,Water purchase,9,2024
TXN0269,2024-09-23,Utilities,Electricity,variable,-168.47,-60.0,Water purchase,9,2024
TXN0270,2024-09-23,Groceries,Supermarket,variable,-47.92,-53.33,Online Grocery purchase,9,2024
TXN0273,2024-09-23,Groceries,Online Grocery,variable,-54.59,-53.33,Online Grocery purchase,9,2024
TXN0279,2024-09-24,Transport,Train,variable,-28.44,-30.0,Bus Pass purchase,9,2024
TXN0289,2024-09-24,Entertainment,Cinema,variable,-15.05,-33.33,Netflix purchase,9,2024
TXN0294,2024-09-25,Shopping,Amazon,variable,-68.79,-66.67,Clothes purchase,9,2024
TXN0278,2024-09-26,Transport,Fuel,variable,-37.85,-30.0,Uber purchase,9,2024
TXN0274,2024-09-27,Groceries,Online Grocery,variable,-64.12,-53.33,Supermarket purchase,9,2024
TXN0262,2024-09-28,Income,Salary,income,3800.0,3800.0,Monthly salary,9,2024
TXN0292,2024-09-28,Shopping,Amazon,variable,-52.86,-66.67,Amazon purchase,9,2024
TXN0297,2024-10-01,Rent,Rent,fixed,-1200.0,-1200.0,Monthly rent,10,2024
TXN0298,2024-10-01,Savings,Savings Transfer,fixed,-500.0,-500.0,Monthly savings,10,2024
TXN0317,2024-10-02,Dining Out,Takeaway,variable,-51.16,-33.33,Coffee Shop purchase,10,2024
TXN0322,2024-10-02,Entertainment,Cinema,variable,-30.29,-33.33,Netflix purchase,10,2024
TXN0299,2024-10-05,Investments,ETF,fixed,-300.0,-300.0,Monthly investment contribution,10,2024
TXN0302,2024-10-06,Utilities,Electricity,variable,-189.4,-60.0,Electricity purchase,10,2024
TXN0306,2024-10-06,Groceries,Online Grocery,variable,-43.95,-53.33,Supermarket purchase,10,2024
TXN0320,2024-10-07,Entertainment,Cinema,variable,-31.73,-33.33,Netflix purchase,10,2024
TXN0324,2024-10-07,Health,Doctor Visit,variable,-20.95,-40.0,Pharmacy purchase,10,2024
TXN0300,2024-10-08,Utilities,Gas,variable,-194.68,-60.0,Electricity purchase,10,2024
TXN0316,2024-10-09,Dining Out,Takeaway,variable,-12.35,-33.33,Takeaway purchase,10,2024
TXN0326,2024-10-09,Shopping,Electronics,variable,-111.4,-66.67,Electronics purchase,10,2024
TXN0323,2024-10-10,Health,Pharmacy,variable,-29.7,-40.0,Gym purchase,10,2024
TXN0303,2024-10-11,Groceries,Online Grocery,variable,-79.81,-53.33,Online Grocery purchase,10,2024
TXN0304,2024-10-12,Groceries,Supermarket,variable,-61.53,-53.33,Online Grocery purchase,10,2024
TXN0311,2024-10-12,Transport,Uber,variable,-59.44,-30.0,Train purchase,10,2024
TXN0313,2024-10-13,Transport,Fuel,variable,-53.4,-30.0,Bus Pass purchase,10,2024
TXN0314,2024-10-13,Dining Out,Takeaway,variable,-36.59,-33.33,Coffee Shop purchase,10,2024
TXN0308,2024-10-15,Groceries,Online Grocery,variable,-71.9,-53.33,Online Grocery purchase,10,2024
TXN0307,2024-10-16,Groceries,Supermarket,variable,-85.64,-53.33,Supermarket purchase,10,2024
TXN0325,2024-10-17,Shopping,Electronics,variable,-70.18,-66.67,Clothes purchase,10,2024
TXN0296,2024-10-19,Income,Freelance,income,334.21,0.0,Freelance project payment,10,2024
TXN0305,2024-10-19,Groceries,Supermarket,variable,-74.09,-53.33,Supermarket purchase,10,2024
TXN0319,2024-10-20,Dining Out,Restaurant,variable,-46.48,-33.33,Takeaway purchase,10,2024
TXN0321,2024-10-21,Entertainment,Concert,variable,-32.62,-33.33,Gaming purchase,10,2024
TXN0309,2024-10-22,Transport,Train,variable,-15.42,-30.0,Uber purchase,10,2024
TXN0310,2024-10-22,Transport,Fuel,variable,-39.6,-30.0,Train purchase,10,2024
TXN0312,2024-10-23,Transport,Uber,variable,-26.25,-30.0,Bus Pass purchase,10,2024
TXN0315,2024-10-23,Dining Out,Takeaway,variable,-24.69,-33.33,Coffee Shop purchase,10,2024
TXN0327,2024-10-24,Shopping,Clothes,variable,-107.04,-66.67,Electronics purchase,10,2024
TXN0301,2024-10-25,Utilities,Electricity,variable,-183.37,-60.0,Gas purchase,10,2024
TXN0318,2024-10-27,Dining Out,Coffee Shop,variable,-50.88,-33.33,Restaurant purchase,10,2024
TXN0295,2024-10-28,Income,Salary,income,3800.0,3800.0,Monthly salary,10,2024
TXN0329,2024-11-01,Rent,Rent,fixed,-1200.0,-1200.0,Monthly rent,11,2024
TXN0330,2024-11-01,Savings,Savings Transfer,fixed,-500.0,-500.0,Monthly savings,11,2024
TXN0350,2024-11-01,Dining Out,Coffee Shop,variable,-14.17,-33.33,Restaurant purchase,11,2024
TXN0359,2024-11-01,Shopping,Clothes,variable,-37.42,-66.67,Clothes purchase,11,2024
TXN0346,2024-11-04,Dining Out,Coffee Shop,variable,-54.18,-33.33,Takeaway purchase,11,2024
TXN0331,2024-11-05,Investments,Stocks ISA,fixed,-300.0,-300.0,Monthly investment contribution,11,2024
TXN0332,2024-11-05,Utilities,Water,variable,-195.42,-60.0,Gas purchase,11,2024
TXN0340,2024-11-05,Groceries,Supermarket,variable,-42.27,-53.33,Online Grocery purchase,11,2024
TXN0351,2024-11-05,Dining Out,Restaurant,variable,-45.84,-33.33,Restaurant purchase,11,2024
TXN0348,2024-11-07,Dining Out,Coffee Shop,variable,-53.63,-33.33,Restaurant purchase,11,2024
TXN0344,2024-11-09,Transport,Uber,variable,-16.47,-30.0,Bus Pass purchase,11,2024
TXN0356,2024-11-09,Health,Gym,variable,-50.93,-40.0,Doctor Visit purchase,11,2024
TXN0342,2024-11-13,Transport,Train,variable,-35.41,-30.0,Bus Pass purchase,11,2024
TXN0343,2024-11-14,Transport,Train,variable,-44.47,-30.0,Train purchase,11,2024
TXN0335,2024-11-15,Groceries,Online Grocery,variable,-58.43,-53.33,Online Grocery purchase,11,2024
TXN0345,2024-11-15,Transport,Bus Pass,variable,-35.01,-30.0,Uber purchase,11,2024
TXN0341,2024-11-16,Transport,Bus Pass,variable,-20.23,-30.0,Bus Pass purchase,11,2024
TXN0338,2024-11-20,Groceries,Supermarket,variable,-51.07,-53.33,Online Grocery purchase,11,2024
TXN0347,2024-11-21,Dining Out,Coffee Shop,variable,-27.42,-33.33,Coffee Shop purchase,11,2024
TXN0337,2024-11-22,Groceries,Supermarket,variable,-51.69,-53.33,Online Grocery purchase,11,2024
TXN0349,2024-11-22,Dining Out,Takeaway,variable,-21.12,-33.33,Takeaway purchase,11,2024
TXN0339,2024-11-23,Groceries,Online Grocery,variable,-55.11,-53.33,Supermarket purchase,11,2024
TXN0334,2024-11-26,Utilities,Internet,variable,-159.46,-60.0,Electricity purchase,11,2024
TXN0354,2024-11-26,Entertainment,Netflix,variable,-41.52,-33.33,Concert purchase,11,2024
TXN0358,2024-11-26,Shopping,Amazon,variable,-98.84,-66.67,Electronics purchase,11,2024
TXN0336,2024-11-27,Groceries,Online Grocery,variable,-71.93,-53.33,Supermarket purchase,11,2024
TXN0352,2024-11-27,Entertainment,Cinema,variable,-36.78,-33.33,Cinema purchase,11,2024
TXN0353,2024-11-27,Entertainment,Concert,variable,-40.44,-33.33,Cinema purchase,11,2024
TXN0328,2024-11-28,Income,Salary,income,3800.0,3800.0,Monthly salary,11,2024
TXN0333,2024-11-28,Utilities,Internet,variable,-200.46,-60.0,Electricity purchase,11,2024
TXN0355,2024-11-28,Health,Gym,variable,-59.28,-40.0,Doctor Visit purchase,11,2024
TXN0357,2024-11-28,Shopping,Clothes,variable,-22.58,-66.67,Electronics purchase,11,2024
TXN0362,2024-12-01,Rent,Rent,fixed,-1200.0,-1200.0,Monthly rent,12,2024
TXN0363,2024-12-01,Savings,Savings Transfer,fixed,-500.0,-500.0,Monthly savings,12,2024
TXN0370,2024-12-03,Groceries,Supermarket,variable,-56.11,-53.33,Supermarket purchase,12,2024
TXN0378,2024-12-03,Transport,Fuel,variable,-19.11,-30.0,Fuel purchase,12,2024
TXN0373,2024-12-04,Groceries,Supermarket,variable,-79.65,-53.33,Supermarket purchase,12,2024
TXN0364,2024-12-05,Investments,Stocks ISA,fixed,-300.0,-300.0,Monthly investment contribution,12,2024
TXN0371,2024-12-05,Groceries,Online Grocery,variable,-53.75,-53.33,Online Grocery purchase,12,2024
TXN0391,2024-12-06,Shopping,Electronics,variable,-47.33,-66.67,Electronics purchase,12,2024
TXN0375,2024-12-11,Transport,Train,variable,-52.23,-30.0,Train purchase,12,2024
TXN0392,2024-12-12,Shopping,Clothes,variable,-20.61,-66.67,Amazon purchase,12,2024
TXN0374,2024-12-14,Transport,Bus Pass,variable,-35.32,-30.0,Train purchase,12,2024
TXN0379,2024-12-14,Dining Out,Takeaway,variable,-16.15,-33.33,Coffee Shop purchase,12,2024
TXN0382,2024-12-14,Dining Out,Takeaway,variable,-27.2,-33.33,Coffee Shop purchase,12,2024
TXN0366,2024-12-15,Utilities,Electricity,variable,-170.38,-60.0,Internet purchase,12,2024
TXN0367,2024-12-15,Utilities,Electricity,variable,-184.33,-60.0,Electricity purchase,12,2024
TXN0361,2024-12-16,Income,Freelance,income,563.04,0.0,Freelance project payment,12,2024
TXN0365,2024-12-16,Utilities,Internet,variable,-164.83,-60.0,Electricity purchase,12,2024
TXN0368,2024-12-16,Groceries,Online Grocery,variable,-82.36,-53.33,Supermarket purchase,12,2024
TXN0369,2024-12-16,Groceries,Online Grocery,variable,-75.62,-53.33,Supermarket purchase,12,2024
TXN0385,2024-12-17,Entertainment,Gaming,variable,-17.45,-33.33,Cinema purchase,12,2024
TXN0381,2024-12-18,Dining Out,Takeaway,variable,-36.15,-33.33,Restaurant purchase,12,2024
TXN0372,2024-12-20,Groceries,Online Grocery,variable,-66.53,-53.33,Online Grocery purchase,12,2024
TXN0384,2024-12-20,Dining Out,Restaurant,variable,-25.44,-33.33,Takeaway purchase,12,2024
TXN0377,2024-12-22,Transport,Bus Pass,variable,-26.47,-30.0,Train purchase,12,2024
TXN0389,2024-12-22,Health,Gym,variable,-43.92,-40.0,Doctor Visit purchase,12,2024
TXN0390,2024-12-22,Shopping,Electronics,variable,-102.95,-66.67,Clothes purchase,12,2024
TXN0376,2024-12-24,Transport,Train,variable,-19.28,-30.0,Uber purchase,12,2024
TXN0387,2024-12-25,Entertainment,Cinema,variable,-19.75,-33.33,Gaming purchase,12,2024
TXN0380,2024-12-26,Dining Out,Restaurant,variable,-17.59,-33.33,Takeaway purchase,12,2024
TXN0360,2024-12-28,Income,Salary,income,3800.0,3800.0,Monthly salary,12,2024
TXN0383,2024-12-28,Dining Out,Restaurant,variable,-51.38,-33.33,Coffee Shop purchase,12,2024
TXN0386,2024-12-28,Entertainment,Concert,variable,-13.79,-33.33,Netflix purchase,12,2024
TXN0388,2024-12-28,Health,Doctor Visit,variable,-40.24,-40.0,Doctor Visit purchase,12,2024
